resid,chain,name,value
1,A,c1',0.5209897
2,A,c1',0.57516559
3,A,c1',0.68901795
4,A,c1',0.67620378
5,A,c1',0.50797716
6,A,c1',0.80028998
7,A,c1',0.78720223
8,A,c1',0.7578507
9,A,c1',0.66097681
10,A,c1',0.71386265
11,A,c1',0.67255532
12,A,c1',0.60824448
14,B,c1',0.59424428
15,B,c1',0.52802055
16,B,c1',0.80219829
17,B,c1',0.75369701
18,B,c1',0.72900535
19,B,c1',0.50283129
20,B,c1',0.71290519
22,B,c1',0.6854981
23,B,c1',0.65669816
24,B,c1',0.61559239